---
title: MySQL基础
date: 2023-07-03 10:37:52
permalink: /pages/f68eec/
categories:
  - 数据库与中间件
  - MySQL
tags:
  - 
---
#  MySQL

## 序言

> MySQL是学习的第一个数据库，虽然看似普通的增删改查已经好像都会了，但还是要做个笔记，加深自己的理解，后面还有很多数据库的内容要学
>
> **勿以浮沙筑高台**



MySQL 是最好的 **RDBMS(Relational Database Management System）**：**关系数据库**管理系统)应用软件之一。



数据库（Database）是按照**数据结构来组织、存储和管理数据的仓库**。

每个数据库都有一个或**多个不同的 API** 用于创建，访问，管理，搜索和复制所保存的数据

所谓的**关系型数据库**，是建立在**关系模型基础上的数据库**，借助于集合代数等数学概念和方法来处理数据库中的数据。

- 1.数据以表格的形式出现
- 2.每行为各种记录名称
- 3.每列为记录名称所对应的数据域
- 4.许多的行和列组成一张表单
- 5.若干的表单组成database



基本术语：

- **数据库:** 数据库是一些关联表的集合。
- **数据表:** 表是数据的矩阵。在一个数据库中的表看起来像一个简单的电子表格。
- **列:** 一列(数据元素) 包含了相同类型的数据, 例如邮政编码的数据。
- **行**:一行（=元组，或记录）是一组相关的数据，例如一条用户订阅的数据。
- **冗余**：**存储两倍数据，冗余降低了性能，但提高了数据的安全性**。
- **主键**：主键是唯一的。一个数据表中只能包含一个主键。你可以使用主键来查询数据。
- **外键：** **外键用于关联两个表。**
- **复合键**：复合键（组合键）将多个列作为一个索引键，一般用于复合索引。
- **索引**:使用索引可快速访问数据库表中的特定信息。索引是对数据库表中一列或多列的值进行排序的一种结构。类似于书籍的目录。
- **参照完整性**: 参照的完整性要求关系中不允许引用不存在的实体。与实体完整性是关系模型必须满足的完整性约束条件，目的是保证数据的一致性。



## MySQL数据库的连接

从命令行中连接mysql服务器的简单实例：

```sql
mysql -u root -p
Enter password:******
```

在登录成功后会出现 mysql> 命令提示窗口，你可以在上面执行任何 SQL 语句。

在以上实例中，我们使用了**root用户登录**到mysql服务器，当然你也可以使用其他mysql用户登录。

如果用户权限足够，任何用户都可以在mysql的命令提示窗口中进行SQL操作。

退出 mysql> 命令提示窗口可以使用 **exit 命令**，如下所示：

```sql
mysql> exit
Bye
```

其实之前看很多项目，项目跑起来的一大关键点是配置好数据库，然后的话版本不同导致的字段不同也是一个问题。



然后的话，学习每个数据库，假如只从命令行的角度去看的话，就有点抽象，需要一个可视化的软件，对于MySQL,navicat 或者SQLyog都是可以的。



## 数据库相关的操作

### 创建数据库

我们可以在登陆 MySQL 服务后，使用 **create** 命令创建数据库，语法如下

```sql
CREATE DATABASE 数据库名;
```

在创建数据库的时候，**要指定编码方式和比较方式**



### 删除数据库

在删除数据库过程中，务必要十分谨慎，因为在执行删除命令后，所有数据将会消失。

```sql
drop database <数据库名>;
```



### 选择数据库

连接到 MySQL 数据库后，**可能有多个可以操作的数据库**，所以你需要**选择你要操作的数据库**。

```sql
[root@host]# mysql -u root -p
Enter password:******
mysql> use RUNOOB;
Database changed
mysql>
```



### 数据类型

MySQL 中**定义数据字段的类型**对你数据库的优化是非常重要的。

大致可以分为三类：**数值、日期/时间和字符串(字符)类型**



#### 数值类型

| 类型             | 大小                                     | 范围（有符号）                                               | 范围（无符号）                                               | 用途            |
| :--------------- | :--------------------------------------- | :----------------------------------------------------------- | :----------------------------------------------------------- | :-------------- |
| TINYINT          | 1 Bytes                                  | (-128，127)                                                  | (0，255)                                                     | 小整数值        |
| SMALLINT         | 2 Bytes                                  | (-32 768，32 767)                                            | (0，65 535)                                                  | 大整数值        |
| MEDIUMINT        | 3 Bytes                                  | (-8 388 608，8 388 607)                                      | (0，16 777 215)                                              | 大整数值        |
| **INT或INTEGER** | 4 Bytes                                  | (-2 147 483 648，2 147 483 647)                              | (0，4 294 967 295)                                           | 大整数值        |
| BIGINT           | 8 Bytes                                  | (-9,223,372,036,854,775,808，9 223 372 036 854 775 807)      | (0，18 446 744 073 709 551 615)                              | 极大整数值      |
| FLOAT            | 4 Bytes                                  | (-3.402 823 466 E+38，-1.175 494 351 E-38)，0，(1.175 494 351 E-38，3.402 823 466 351 E+38) | 0，(1.175 494 351 E-38，3.402 823 466 E+38)                  | 单精度 浮点数值 |
| DOUBLE           | 8 Bytes                                  | (-1.797 693 134 862 315 7 E+308，-2.225 073 858 507 201 4 E-308)，0，(2.225 073 858 507 201 4 E-308，1.797 693 134 862 315 7 E+308) | 0，(2.225 073 858 507 201 4 E-308，1.797 693 134 862 315 7 E+308) | 双精度 浮点数值 |
| DECIMAL          | 对DECIMAL(M,D) ，如果M>D，为M+2否则为D+2 | 依赖于M和D的值                                               | 依赖于M和D的值                                               | 小数值          |



#### 日期时间类型

| 类型          | 大小 ( bytes) | 范围                                                         | 格式                | 用途                         |
| :------------ | :------------ | :----------------------------------------------------------- | :------------------ | :--------------------------- |
| DATE          | 3             | 1000-01-01/9999-12-31                                        | YYYY-MM-DD          | 日期值                       |
| TIME          | 3             | '-838:59:59'/'838:59:59'                                     | HH:MM:SS            | 时间值或持续时间             |
| YEAR          | 1             | 1901/2155                                                    | YYYY                | 年份值                       |
| **DATETIME**  | 8             | '1000-01-01 00:00:00' 到 '9999-12-31 23:59:59'               | YYYY-MM-DD hh:mm:ss | 混合日期和时间值             |
| **TIMESTAMP** | 4             | '1970-01-01 00:00:01' UTC 到 '2038-01-19 03:14:07' UTC结束时间是第 **2147483647** 秒，北京时间 **2038-1-19 11:14:07**，格林尼治时间 2038年1月19日 凌晨 03:14:07 | YYYY-MM-DD hh:mm:ss | 混合日期和时间值，**时间戳** |



#### 字符串类型

| 类型        | 大小                  | 用途                            |
| :---------- | :-------------------- | :------------------------------ |
| CHAR        | 0-255 bytes           | 定长字符串                      |
| **VARCHAR** | 0-65535 bytes         | **变长字符串**                  |
| TINYBLOB    | 0-255 bytes           | 不超过 255 个字符的二进制字符串 |
| TINYTEXT    | 0-255 bytes           | 短文本字符串                    |
| BLOB        | 0-65 535 bytes        | 二进制形式的长文本数据          |
| **TEXT**    | 0-65 535 bytes        | **长文本数据**                  |
| MEDIUMBLOB  | 0-16 777 215 bytes    | 二进制形式的中等长度文本数据    |
| MEDIUMTEXT  | 0-16 777 215 bytes    | 中等长度文本数据                |
| LONGBLOB    | 0-4 294 967 295 bytes | 二进制形式的极大文本数据        |
| LONGTEXT    | 0-4 294 967 295 bytes | 极大文本数据                    |

对数据的容量的考虑是放在第一位，然后再去想着如何节省空间





#### 序列

MySQL 序列是一组整数：1, 2, 3, ...，由于**一张数据表只能有一个字段自增主键**， 如果你想实现**其他字段也实现自动增加，就可以使用MySQL序列来实现。**

MySQL 中最简单使用序列的方法就是使用 MySQL **AUTO_INCREMENT 来定义序列。**

```sql
mysql> CREATE TABLE insect
    -> (
    -> id INT UNSIGNED NOT NULL AUTO_INCREMENT,
    -> PRIMARY KEY (id),
    -> name VARCHAR(30) NOT NULL, # type of insect
    -> date DATE NOT NULL, # date collected
    -> origin VARCHAR(30) NOT NULL # where collected
);
Query OK, 0 rows affected (0.02 sec)
mysql> INSERT INTO insect (id,name,date,origin) VALUES
    -> (NULL,'housefly','2001-09-10','kitchen'),
    -> (NULL,'millipede','2001-09-10','driveway'),
    -> (NULL,'grasshopper','2001-09-10','front yard');
Query OK, 3 rows affected (0.02 sec)
Records: 3  Duplicates: 0  Warnings: 0
mysql> SELECT * FROM insect ORDER BY id;
+----+-------------+------------+------------+
| id | name        | date       | origin     |
+----+-------------+------------+------------+
|  1 | housefly    | 2001-09-10 | kitchen    |
|  2 | millipede   | 2001-09-10 | driveway   |
|  3 | grasshopper | 2001-09-10 | front yard |
+----+-------------+------------+------------+
3 rows in set (0.00 sec)
```

使用 SQL中的**LAST_INSERT_ID( ) 函数来获取最后的插入表中的自增列的值。**







## 表的相关操作

### 创建表

创建MySQL数据表需要以下信息：

- 表名
- 表字段名
- 定义每个表字段



```sql
CREATE TABLE table_name (column_name column_type);
```



```sql
CREATE TABLE IF NOT EXISTS `runoob_tbl`(
   `runoob_id` INT UNSIGNED AUTO_INCREMENT,
   `runoob_title` VARCHAR(100) NOT NULL,
   `runoob_author` VARCHAR(40) NOT NULL,
   `submission_date` DATE,
   PRIMARY KEY ( `runoob_id` )
)ENGINE=InnoDB DEFAULT CHARSET=utf8;
```



保持谨慎的作风，创建数据库、创建表的时候，都要最好加一个 if ont exists  ,提前判断数据库、表是否存在

- 如果你不想字段为 **NULL** 可以设置字段的属性为 **NOT NULL**， 在操作数据库时如果输入该字段的数据为**NULL** ，就会报错。
- **AUTO_INCREMENT定义列为自增的属性**，一般**用于主键**，数值会自动加1。
- PRIMARY KEY关键字用于定义列为主键。 您可以使用多列来定义主键，列间以逗号分隔。
- **ENGINE 设置存储引擎，CHARSET 设置编码。**



创建数据库和创建表的时候，**一定要提前设计好**，不能即兴想到啥就设计啥，不然到时候后期再去更改就很麻烦了。



### 创建临时表

MySQL 临时表在我们需要保存一些临时数据时是非常有用的。临时表只在当前连接可见，**当关闭连接时，Mysql会自动删除表并释放所有空间。**

如果你使用了其他MySQL客户端程序连接MySQL数据库服务器来创建临时表，那么只有在关闭客户端程序时才会销毁临时表，当然你也可以手动销毁。



create temporary table XXX

```sql
mysql> CREATE TEMPORARY TABLE SalesSummary (
    -> product_name VARCHAR(50) NOT NULL
    -> , total_sales DECIMAL(12,2) NOT NULL DEFAULT 0.00
    -> , avg_unit_price DECIMAL(7,2) NOT NULL DEFAULT 0.00
    -> , total_units_sold INT UNSIGNED NOT NULL DEFAULT 0
);
Query OK, 0 rows affected (0.00 sec)

mysql> INSERT INTO SalesSummary
    -> (product_name, total_sales, avg_unit_price, total_units_sold)
    -> VALUES
    -> ('cucumber', 100.25, 90, 2);

mysql> SELECT * FROM SalesSummary;
+--------------+-------------+----------------+------------------+
| product_name | total_sales | avg_unit_price | total_units_sold |
+--------------+-------------+----------------+------------------+
| cucumber     |      100.25 |          90.00 |                2 |
+--------------+-------------+----------------+------------------+
1 row in set (0.00 sec)
```

用查询直接创建临时表的方式：

```sql
CREATE TEMPORARY TABLE 临时表名 AS
(
    SELECT *  FROM 旧的表名
    LIMIT 0,10000
);
```



### 复制表

代写  用到再说吧





### 修改表 alter

当我们需要修改数据表名或者修改数据表字段时，就需要使用到MySQL **ALTER命令。**



创建一个表先：

```sql
root@host# mysql -u root -p password;
Enter password:*******
mysql> use RUNOOB;
Database changed
mysql> create table testalter_tbl
    -> (
    -> i INT,
    -> c CHAR(1)
    -> );
Query OK, 0 rows affected (0.05 sec)
mysql> SHOW COLUMNS FROM testalter_tbl;
+-------+---------+------+-----+---------+-------+
| Field | Type    | Null | Key | Default | Extra |
+-------+---------+------+-----+---------+-------+
| i     | int(11) | YES  |     | NULL    |       |
| c     | char(1) | YES  |     | NULL    |       |
+-------+---------+------+-----+---------+-------+
2 rows in set (0.00 sec)
```

- 删除字段

使用了 **ALTER 命令及 DROP 子句**来删除以上创建表的 i 字段：

```sql
mysql> ALTER TABLE testalter_tbl  DROP i;
```

- 添加字段

使用 **ADD 子句**来向数据表中添加列，如下实例在表 testalter_tbl 中添加 i 字段，**并定义数据类型**:

```sql
mysql> ALTER TABLE testalter_tbl ADD i INT;
```

- 指定字段的位置

  指定新增字段的位置，可以使用MySQL提供的关键字 **FIRST (设定位第一列)， AFTER 字段名（设定位于某个字段之后）**。

```sql
ALTER TABLE testalter_tbl DROP i;
ALTER TABLE testalter_tbl ADD i INT FIRST;
ALTER TABLE testalter_tbl DROP i;
ALTER TABLE testalter_tbl ADD i INT AFTER c;
```

- 修改字段类型

可以在ALTER命令中使用 **MODIFY 或 CHANGE 子句** 。

例如，把字段 c 的类型从 CHAR(1) 改为 CHAR(10)，可以执行以下命令:

```sql
mysql> ALTER TABLE testalter_tbl MODIFY c CHAR(10);
```

- 修改表名

在 ALTER TABLE 语句中使用 **RENAME 子句**来实现。

尝试以下实例将数据表 testalter_tbl 重命名为 alter_tbl：

```sql
mysql> ALTER TABLE testalter_tbl RENAME TO alter_tbl;
```

- 修改默认字段

```sql
mysql> ALTER TABLE testalter_tbl ALTER i SET DEFAULT 1000;
mysql> ALTER TABLE testalter_tbl ALTER i DROP DEFAULT;
mysql> SHOW COLUMNS FROM testalter_tbl;
```

查看一个表的结构

```sql
mysql> SHOW COLUMNS FROM testalter_tbl;
```



##### 删除表

```sql
DROP TABLE table_name ;
```





## 对数据的操作

### 插入数据

MySQL 表中使用 **INSERT INTO** SQL语句来插入数据

```sql
INSERT INTO table_name ( field1, field2,...fieldN )
                       VALUES
                       ( value1, value2,...valueN );
```

也可以不指定字段，这样虽然简洁了一点，但后期一旦对表有修改就会导致字段对不上，



```sql
root@host# mysql -u root -p password;
Enter password:*******
mysql> use RUNOOB;
Database changed
mysql> INSERT INTO runoob_tbl 
    -> (runoob_title, runoob_author, submission_date)
    -> VALUES
    -> ("学习 PHP", "菜鸟教程", NOW());
Query OK, 1 rows affected, 1 warnings (0.01 sec)
mysql> INSERT INTO runoob_tbl
    -> (runoob_title, runoob_author, submission_date)
    -> VALUES
    -> ("学习 MySQL", "菜鸟教程", NOW());
Query OK, 1 rows affected, 1 warnings (0.01 sec)
mysql> INSERT INTO runoob_tbl
    -> (runoob_title, runoob_author, submission_date)
    -> VALUES
    -> ("JAVA 教程", "RUNOOB.COM", '2016-05-06');
Query OK, 1 rows affected (0.00 sec)
mysql>
```



### 处理重复数据

MySQL 数据表中设置指定的字段为 **PRIMARY KEY（主键）** 或者 **UNIQUE（唯一）** 索引来保证数据的唯一性。

如果你想设置表中字段 first_name，last_name 数据不能重复，你可以设置双主键模式来设置数据的唯一性， 如果你设置了双主键，那么那个键的默认值不能为 NULL，可设置为 NOT NULL。如下所示：

```sql
CREATE TABLE person_tbl
(
   first_name CHAR(20) NOT NULL,
   last_name CHAR(20) NOT NULL,
   sex CHAR(10),
   PRIMARY KEY (last_name, first_name)
);
```

**INSERT IGNORE INTO** 与 **INSERT INTO** 的区别就是 **INSERT IGNORE INTO 会忽略数据库中已经存在的数据**，如果数据库没有数据，就插入新的数据，如果有数据的话就跳过这条数据。这样就可以保留数据库中已经存在数据，达到在间隙中插入数据的目的。



### 查询数据

查询数据可谓是每个数据库的重点了！！！

MySQL 数据库使用SQL **SELECT语句来查询数据。**

```sql
SELECT column_name,column_name
FROM table_name
[WHERE Clause]
[LIMIT N][ OFFSET M]
```

本质上表，被分成了很多个格，就是个矩阵，每列的开头是字段，一行行的是具体数据，查询是从行和列的角度出发，对数据进行定位



- 查询语句中你可以使用一个或者多个表，表之间使用逗号(,)分割，并使用WHERE语句来设定查询条件。
- SELECT 命令可以读取一条或者多条记录。
- 你可以使用**星号（*）来代替其他字段，SELECT语句会返回表的所有字段数据**
- 你可以使用 **WHERE 语句来包含任何条件**。
- 你可以使用 LIMIT 属性来设定返回的记录数。
- 你可以通过OFFSET指定SELECT语句开始查询的数据偏移量。默认情况下偏移量为0。



- 查询语句中你可以使用一个或者多个表，表之间使用逗号**,** 分割，并使用WHERE语句来设定查询条件。
- 你可以在 WHERE 子句中指定任何条件。
- 你可以使用 **AND 或者 OR 指定一个或多个条件。**
- **WHERE 子句也可以运用于 SQL 的 DELETE 或者 UPDATE 命令。**
- WHERE 子句类似于**程序语言中的 if 条件**，根据 MySQL 表中的字段值来读取指定的数据



### like字句

like字句类似于**模糊查询**

有时候我们需要获取 runoob_author 字段**含有 "COM" 字符的所有记录**，这时我们就需要在 WHERE 子句中使用 SQL **LIKE 子句**。

SQL LIKE 子句中使用百分号 **%**字符来表示任意字符，

```sql
mysql> use RUNOOB;
Database changed
mysql> SELECT * from runoob_tbl  WHERE runoob_author LIKE '%COM';
+-----------+---------------+---------------+-----------------+
| runoob_id | runoob_title  | runoob_author | submission_date |
+-----------+---------------+---------------+-----------------+
| 3         | 学习 Java   | RUNOOB.COM    | 2015-05-01      |
| 4         | 学习 Python | RUNOOB.COM    | 2016-03-06      |
+-----------+---------------+---------------+-----------------+
2 rows in set (0.01 sec)
```



### union

MySQL **UNION 操作符用于连接两个以上的 SELECT 语句的结果组合到一个结果集合中**。**多个 SELECT 语句会删除重复的数据**。

MySQL UNION 操作符语法格式

```sql
SELECT expression1, expression2, ... expression_n
FROM tables
[WHERE conditions]
UNION [ALL | DISTINCT]
SELECT expression1, expression2, ... expression_n
FROM tables
[WHERE conditions];
```



下面是选自 "Websites" 表的数据：

```sql
mysql> SELECT * FROM Websites;
+----+--------------+---------------------------+-------+---------+
| id | name         | url                       | alexa | country |
+----+--------------+---------------------------+-------+---------+
| 1  | Google       | https://www.google.cm/    | 1     | USA     |
| 2  | 淘宝          | https://www.taobao.com/   | 13    | CN      |
| 3  | 菜鸟教程      | http://www.runoob.com/    | 4689  | CN      |
| 4  | 微博          | http://weibo.com/         | 20    | CN      |
| 5  | Facebook     | https://www.facebook.com/ | 3     | USA     |
| 7  | stackoverflow | http://stackoverflow.com/ |   0 | IND     |
+----+---------------+---------------------------+-------+---------+
```

下面是 "apps" APP 的数据：

```sql
mysql> SELECT * FROM apps;
+----+------------+-------------------------+---------+
| id | app_name   | url                     | country |
+----+------------+-------------------------+---------+
|  1 | QQ APP     | http://im.qq.com/       | CN      |
|  2 | 微博 APP | http://weibo.com/       | CN      |
|  3 | 淘宝 APP | https://www.taobao.com/ | CN      |
+----+------------+-------------------------+---------+
3 rows in set (0.00 sec)
```

下面的 SQL 语句从 "Websites" 和 "apps" 表中选取所有**不同的**country（只有不同的值）：



```sql
SELECT country FROM Websites
UNION
SELECT country FROM apps
ORDER BY country;
```

执行以上 SQL 输出结果如下：

![img](https://www.runoob.com/wp-content/uploads/2013/09/union1.jpg)

**注释：**UNION 不能用于列出两个表中所有的country。如果一些网站和APP来自同一个国家，每个国家只会列出一次。UNION 只会选取不同的值。请**使用 UNION ALL 来选取重复的值**！



下面的 SQL语句使用 UNION ALL 从 "Websites" 和 "apps" 表中选取**所有的**中国(CN)的数据（也有重复的值）：

```sql
SELECT country, name FROM Websites
WHERE country='CN'
UNION ALL
SELECT country, app_name FROM apps
WHERE country='CN'
ORDER BY country;
```

执行以上 SQL 输出结果如下：

![img](https://www.runoob.com/wp-content/uploads/2013/09/AAA99C7B-36A5-43FB-B489-F8CE63B62C71.jpg)





### 排序

如果我们需要对读取的数据进行排序，我们就可以使用 MySQL 的 **ORDER BY** 子句来设定你想按哪个字段哪种方式来进行排序，再返回搜索结果。

```sql
SELECT field1, field2,...fieldN FROM table_name1, table_name2...
ORDER BY field1 [ASC [DESC][默认 ASC]], [field2...] [ASC [DESC][默认 ASC]]
```



- 你可以使用任何字段来作为排序的条件，从而返回排序后的查询结果。
- 你可以设定多个字段来排序。
- 你可以使用 **ASC(升序)** 或 **DESC（降序）** 关键字来设置查询结果是按升序或降序排列。 默认情况下，它是按升序排列。
- 你可以添加 WHERE...LIKE 子句来设置条件。



```sql
mysql> use RUNOOB;
Database changed
mysql> SELECT * from runoob_tbl ORDER BY submission_date ASC;
+-----------+---------------+---------------+-----------------+
| runoob_id | runoob_title  | runoob_author | submission_date |
+-----------+---------------+---------------+-----------------+
| 3         | 学习 Java   | RUNOOB.COM    | 2015-05-01      |
| 4         | 学习 Python | RUNOOB.COM    | 2016-03-06      |
| 1         | 学习 PHP    | 菜鸟教程  | 2017-04-12      |
| 2         | 学习 MySQL  | 菜鸟教程  | 2017-04-12      |
+-----------+---------------+---------------+-----------------+
4 rows in set (0.01 sec)
 
mysql> SELECT * from runoob_tbl ORDER BY submission_date DESC;
+-----------+---------------+---------------+-----------------+
| runoob_id | runoob_title  | runoob_author | submission_date |
+-----------+---------------+---------------+-----------------+
| 1         | 学习 PHP    | 菜鸟教程  | 2017-04-12      |
| 2         | 学习 MySQL  | 菜鸟教程  | 2017-04-12      |
| 4         | 学习 Python | RUNOOB.COM    | 2016-03-06      |
| 3         | 学习 Java   | RUNOOB.COM    | 2015-05-01      |
+-----------+---------------+---------------+-----------------+
4 rows in set (0.01 sec)
```



### group分组 having语句

GROUP BY 语句根据**一个或多个列对结果集进行分组**。

在**分组的列上我们可以使用 COUNT, SUM, AVG,等函数      （对分组进行操作）**。



```sql
mysql> SELECT name, COUNT(*) FROM   employee_tbl GROUP BY name;
+--------+----------+
| name   | COUNT(*) |
+--------+----------+
| 小丽 |        1 |
| 小明 |        3 |
| 小王 |        2 |
+--------+----------+
3 rows in set (0.01 sec)
```

往往要在分组之后做一些操作

采取having语句





### 联结


在一张表中读取数据，这是相对简单的，但是在**真正的应用中经常需要从多个数据表中读取数据。（这也许就是	NoSQL出来的原因？ 毕竟感觉是不是因为这样MySQL的性能就降低了）**

联结：将多个表关联起来

```sql
select
  ` cust_email `
from
  ` Customers `,		
  #哪怕·cust_email·只在Customers表里面  但因为是联结，和其他几个表也有关联  所以要把其他几个表也给带上
  ` OrderItems `,
  ` Orders ` 
where
  ` OrderItems `.` order_num ` = ` Orders `.` order_num ` 
  and ` Orders `.` cust_id ` = ` Customers `.` cust_id ` 
  and ` OrderItems `.` prod_id ` = 'BR01';
```



inner join的写法

```sql
select `cust_email` from `Customers`
    inner join `Orders` on `Customers`.`cust_id` = `Orders`.`cust_id`	
    inner join `OrderItems` on `OrderItems`.`order_num` = `Orders`.`order_num`
    where `OrderItems`.`prod_id` = 'BR01';
```

> 关联一个表一个Inner join ...on     不要写在一块 

```sql
mysql> SELECT a.runoob_id, a.runoob_author, b.runoob_count FROM runoob_tbl a INNER JOIN tcount_tbl b ON a.runoob_author = b.runoob_author;

# 简写表的名称  

+-------------+-----------------+----------------+
| a.runoob_id | a.runoob_author | b.runoob_count |
+-------------+-----------------+----------------+
| 1           | 菜鸟教程    | 10             |
| 2           | 菜鸟教程    | 10             |
| 3           | RUNOOB.COM      | 20             |
| 4           | RUNOOB.COM      | 20             |
+-------------+-----------------+----------------+
4 rows in set (0.00 sec)
```



JOIN 按照功能大致分为如下三类：

- **INNER JOIN（内连接,或等值连接）**：获取两个表中字段匹配关系的记录。
- **LEFT JOIN（左连接）：**获取左表所有记录，即使右表没有对应匹配的记录。
- **RIGHT JOIN（右连接）：** 与 LEFT JOIN 相反，用于获取右表所有记录，即使左表没有对应匹配的记录。



![img](https://www.runoob.com/wp-content/uploads/2014/03/img_innerjoin.gif)





 MySQL **LEFT JOIN** 会**读取左边数据表的全部数据，即使右边表无对应数据。**

以 **runoob_tbl** 为左表，**tcount_tbl** 为右表，理解 MySQL LEFT JOIN 的应用：

```sql
mysql> SELECT a.runoob_id, a.runoob_author, b.runoob_count FROM runoob_tbl a LEFT JOIN tcount_tbl b ON a.runoob_author = b.runoob_author;
+-------------+-----------------+----------------+
| a.runoob_id | a.runoob_author | b.runoob_count |
+-------------+-----------------+----------------+
| 1           | 菜鸟教程    | 10             |
| 2           | 菜鸟教程    | 10             |
| 3           | RUNOOB.COM      | 20             |
| 4           | RUNOOB.COM      | 20             |
| 5           | FK              | NULL           |
+-------------+-----------------+----------------+
5 rows in set (0.01 sec)
```



![img](https://www.runoob.com/wp-content/uploads/2014/03/img_leftjoin.gif)







![img](https://www.runoob.com/wp-content/uploads/2014/03/img_rightjoin.gif)





### null值处理

我们已经知道 MySQL 使用 SQL SELECT 命令及 WHERE 子句来读取数据表中的数据,但是当提供的**查询条件字段为 NULL 时，该命令可能就无法正常工作。**

为了处理这种情况，MySQL提供了三大运算符:

- **IS NULL:** 当列的值是 NULL,此运算符返回 true。
- **IS NOT NULL:** 当列的值不为 NULL, 运算符返回 true。
- **<=>:** 比较操作符（不同于 = 运算符），当比较的的两个值相等或者都为 NULL 时返回 true。

关于 NULL 的条件比较运算是比较特殊的。你**不能使用 = NULL 或 != NULL 在列中查找 NULL 值** 。

在 MySQL 中，**NULL 值与任何其它值的比较（即使是 NULL）永远返回 NULL，即 NULL = NULL 返回 NULL 。**



以下实例中你可以看到 = 和 != 运算符是不起作用的：

```sql
mysql> SELECT * FROM runoob_test_tbl WHERE runoob_count = NULL;
Empty set (0.00 sec)
mysql> SELECT * FROM runoob_test_tbl WHERE runoob_count != NULL; 
Empty set (0.01 sec)
```

查找数据表中 runoob_test_tbl 列是否为 NULL，必须使用 **IS NULL** 和 **IS NOT NULL**，如下实例：

```sql
mysql> SELECT * FROM runoob_test_tbl WHERE runoob_count IS NULL;
+---------------+--------------+
| runoob_author | runoob_count |
+---------------+--------------+
| 菜鸟教程  | NULL         |
| Google        | NULL         |
+---------------+--------------+
2 rows in set (0.01 sec)
 
mysql> SELECT * from runoob_test_tbl WHERE runoob_count IS NOT NULL;
+---------------+--------------+
| runoob_author | runoob_count |
+---------------+--------------+
| RUNOOB        | 20           |
| FK            | 20           |
+---------------+--------------+
2 rows in set (0.01 sec)
```





### 更新数据

如果我们需要修改或更新 MySQL 中的数据，我们可以使用 SQL **UPDATE 命令**来操作。



```sql
UPDATE table_name SET field1=new-value1, field2=new-value2
[WHERE Clause]
```



**update**  哪个表  **set**(设置字段)  

​			where  找到要更新set的对象



```sql
mysql> UPDATE runoob_tbl SET runoob_title='学习 C++' WHERE runoob_id=3;
Query OK, 1 rows affected (0.01 sec)
 
mysql> SELECT * from runoob_tbl WHERE runoob_id=3;
+-----------+--------------+---------------+-----------------+
| runoob_id | runoob_title | runoob_author | submission_date |
+-----------+--------------+---------------+-----------------+
| 3         | 学习 C++   | RUNOOB.COM    | 2016-05-06      |
+-----------+--------------+---------------+-----------------+
1 rows in set (0.01 sec)
```



### 删除数据

使用 SQL 的 **DELETE FROM 命令来删除 MySQL 数据表中的记录。**

```sql
DELETE FROM table_name [WHERE Clause]
```



delete 要指定字段啊！！！

- 如果没有指定 WHERE 子句，MySQL 表中的所有记录将被删除。
- 你可以在 WHERE 子句中指定任何条件
- 您可以在单个表中一次性删除记录



```sql
mysql> use RUNOOB;
Database changed
mysql> DELETE FROM runoob_tbl WHERE runoob_id=3;
Query OK, 1 row affected (0.23 sec)
```





## MySQL函数



1.截取函数：substring()

  用法：[SUBSTRING](https://so.csdn.net/so/search?q=SUBSTRING&spm=1001.2101.3001.7020)(str ,n ,m)：返回字符串str从第n个字符截取到第m个字符；

2.拼接函数：concat()

  用法：select concat(A,B) 或者select A || B

3.大写函数UPPER()





## 事务

MySQL 事务主要用于处理操作量大，复杂度高的数据。比如说，在人员管理系统中，你删除一个人员，你既需要删除人员的基本资料，也要删除和该人员相关的信息，如信箱，文章等等，这样，这些数据库操作语句就构成一个事务！

> 简而言之，事务是对数据库的一系列操作

- 在 MySQL 中**只有使用了 Innodb 数据库引擎的数据库或表才支持事务**。
- 事务处理可以用来维护数据库的完整性，**保证成批的 SQL 语句要么全部执行，要么全部不执行。**
- 事务用来管理 insert,update,delete 语句



事务是必须满足4个条件（**ACID**）：：原子性（**A**tomicity，或称不可分割性）、一致性（**C**onsistency）、隔离性（**I**solation，又称独立性）、持久性（**D**urability）。

- **原子性：**一个事务（transaction）中的所有操作，**要么全部完成，要么全部不完成**，不会结束在中间某个环节。事务在执行过程中发生错误，会被**回滚（Rollback）**到事务开始前的状态，就像这个事务从来没有执行过一样。
- **一致性：**在事务开始之前和事务结束以后，数据库的完整性没有被破坏。这表示写入的资料必须完全符合所有的预设规则，这包含资料的精确度、串联性以及后续数据库可以自发性地完成预定的工作。
- **隔离性：**数据库允许多个并发事务同时对其数据进行读写和修改的能力，隔离性可以防止多个事务并发执行时由于交叉执行而导致数据的不一致。事务隔离分为不同级别，包括读未提交（Read uncommitted）、读提交（read committed）、可重复读（repeatable read）和串行化（Serializable）。
- **持久性：**事务处理结束后，对数据的修改就是永久的，即便系统故障也不会丢失。



假如有这样一款游戏，游戏分为一个个**关卡**，单个关卡内需要打败很多Boss才能闯关成功，每个关卡闯关成功游戏会自动进行记录游戏进度，并将游戏进度上传远程服务器，**除非重置游戏，否则游戏进度不可回退**。

**原子性**：最小操作逻辑，不可再进行分割；就像游戏的一个关卡一样，关卡内不管闯到什么地方，只要失败了就会回到闯关卡前。

**事务，将原本是一系列的数据库操作包裹成一个关卡（一个原子操作），要么闯过关卡，要么回到关卡前。**

**持久性**：当事务执行完毕（事务提交），该操作将永久的改变了数据库中的数据。即关卡闯关完成，**游戏进度永久保存在了服务器中。**

**事务，能保证AID，即原子性，隔离性，持久性。但是一致性无法通过事务来保证，一致性依赖于应用层，开发者。**



- **BEGIN 或 START TRANSACTION 显式地开启一个事务**；

- **COMMIT** 也可以使用 COMMIT WORK，不过二者是等价的。COMMIT 会提交事务，并使已对数据库进行的所有修改成为永久性的；

- **ROLLBACK** 也可以使用 ROLLBACK WORK，不过二者是等价的。回滚会结束用户的事务，并撤销正在进行的所有未提交的修改；

- **SAVEPOINT identifier，SAVEPOINT 允许在事务中创建一个保存点，一个事务中可以有多个 SAVEPOINT；（相当于打个标记）**

  - savepoint 是在数据库事务处理中**实现“子事务”（subtransaction），也称为嵌套事务的方法**。事务可以回滚到 savepoint 而不影响 savepoint 创建前的变化, 不需要放弃整个事务。

    ROLLBACK 回滚的用法可以设置保留点 SAVEPOINT，执行多条操作时，回滚到想要的那条语句之前。

    使用 SAVEPOINT

    ```sql
    SAVEPOINT savepoint_name;    // 声明一个 savepoint
    
    ROLLBACK TO savepoint_name;  // 回滚到savepoint
    ```

    删除 SAVEPOINT

    保留点再事务处理完成（执行一条 ROLLBACK 或 COMMIT）后自动释放。

    MySQL5 以来，可以用:

    ```sql
    RELEASE SAVEPOINT savepoint_name;  // 删除指定保留点
    ```

- RELEASE SAVEPOINT identifier 删除一个事务的保存点，当没有指定的保存点时，执行该语句会抛出一个异常；

- **ROLLBACK TO identifier 把事务回滚到标记点；**

- SET TRANSACTION 用来设置事务的隔离级别。InnoDB 存储引擎提供事务的隔离级别有READ UNCOMMITTED、READ COMMITTED、REPEATABLE READ 和 SERIALIZABLE。



1、用 BEGIN, ROLLBACK, COMMIT来实现

- **BEGIN** 开始一个事务
- **ROLLBACK** 事务回滚
- **COMMIT** 事务确认

2、直接用 SET 来改变 MySQL 的自动提交模式:

- **SET AUTOCOMMIT=0** 禁止自动提交
- **SET AUTOCOMMIT=1** 开启自动提交



```sql
mysql> use RUNOOB;
Database changed
mysql> CREATE TABLE runoob_transaction_test( id int(5)) engine=innodb;  # 创建数据表
Query OK, 0 rows affected (0.04 sec)
 
mysql> select * from runoob_transaction_test;
Empty set (0.01 sec)
 
mysql> begin;  # 开始事务
Query OK, 0 rows affected (0.00 sec)
 
mysql> insert into runoob_transaction_test value(5);
Query OK, 1 rows affected (0.01 sec)
 
mysql> insert into runoob_transaction_test value(6);
Query OK, 1 rows affected (0.00 sec)
 
mysql> commit; # 提交事务
Query OK, 0 rows affected (0.01 sec)
 
mysql>  select * from runoob_transaction_test;
+------+
| id   |
+------+
| 5    |
| 6    |
+------+
2 rows in set (0.01 sec)
 
mysql> begin;    # 开始事务
Query OK, 0 rows affected (0.00 sec)
 
mysql>  insert into runoob_transaction_test values(7);
Query OK, 1 rows affected (0.00 sec)
 
mysql> rollback;   # 回滚
Query OK, 0 rows affected (0.00 sec)
 
mysql>   select * from runoob_transaction_test;   # 因为回滚所以数据没有插入
+------+
| id   |
+------+
| 5    |
| 6    |
+------+
2 rows in set (0.01 sec)
 
mysql>
```





## SQL注入

所谓SQL注入，就是通过把**SQL命令插入到Web表单递交或输入域名或页面请求的查询字符串**，最终达到**欺骗服务器执行恶意的SQL命令。**

我们永远不要信任用户的输入，我们**必须认定用户输入的数据都是不安全的，我们都需要对用户输入的数据进行过滤处理。**

让我们看下在没有过滤特殊字符时，出现的SQL情况：

```php
// 设定$name 中插入了我们不需要的SQL语句
$name = "Qadir'; DELETE FROM users;";
 mysqli_query($conn, "SELECT * FROM users WHERE name='{$name}'");
```

以上的注入语句中，我们没有对 $name 的变量进行过滤，$name 中插入了我们不需要的SQL语句，将删除 users 表中的所有数据。

**欺骗执行**

防止SQL注入，我们需要注意以下几个要点：

- 1.**永远不要信任用户的输入**。对用户的输入进行校验，可以通过**正则表达式，或限制长度；对单引号和 双"-"进行转换等**。
- 2.永远**不要使用动态拼装sql，可以使用参数化的sql或者直接使用存储过程进行数据查询存取。**
- 3.永远不要使用管理员权限的数据库连接，为每个应用使用单独的权限有限的数据库连接。
- 4.不要把机密信息直接存放，加密或者hash掉密码和敏感的信息。
- 5.应用的异常信息应该给出尽可能少的提示，最好使用自定义的错误信息对原始错误信息进行包装



## MySQL 数据导入导出

数据库不一定是存储在自己电脑的MySQL服务上的，但开发的时候一般会先拿到自己的MySQL服务上做一些开发调试，这样就需要导入数据库

然后有些在自己电脑上开发好之后，也要发布部署到服务器上  这就需要数据库的导入导出。



